timestamp,microservice3
00:00:00,0.518922090530396
00:00:30,0.519054174423218
00:01:00,0.518123388290405
00:01:30,0.517622232437134
00:02:00,0.517647981643677
00:02:30,0.518101453781128
00:03:00,0.517678260803223
00:03:30,0.517871856689453
00:04:00,0.51804518699646
00:04:30,0.51818585395813
00:05:00,0.51831316947937
00:05:30,0.517901659011841
00:06:00,0.517827987670898
00:06:30,0.517825126647949
00:07:00,0.518793344497681
00:07:30,0.518863439559937
00:08:00,0.518491506576538
00:08:30,0.519426584243774
00:09:00,0.519963026046753
00:09:30,0.520213127136231
00:10:00,0.520399808883667
00:10:30,0.520987510681152
00:11:00,0.521718263626099
00:11:30,0.522445201873779
00:12:00,0.52281904220581
00:12:30,0.523205041885376
00:13:00,0.525322198867798
00:13:30,0.519210577011108
00:14:00,0.519979000091553
00:14:30,0.52027702331543
00:15:00,0.52116322517395
00:15:30,0.522053718566895
00:16:00,0.521991729736328
00:16:30,0.523061752319336
00:17:00,0.524181127548218
00:17:30,0.525369167327881
00:18:00,0.525671243667603
00:18:30,0.525568008422852
00:19:00,0.525137662887573
00:19:30,0.525460243225098
00:20:00,0.525110960006714
00:20:30,0.525165319442749
00:21:00,0.525153636932373
00:21:30,0.525293111801147
00:22:00,0.525779008865356
00:22:30,0.525832414627075
00:23:00,0.525860548019409
00:23:30,0.52525520324707
00:24:00,0.525222063064575
00:24:30,0.52563738822937
00:25:00,0.525437593460083
00:25:30,0.525396108627319
00:26:00,0.518475770950317
00:26:30,0.518928527832031
00:27:00,0.519944906234741
00:27:30,0.520133018493652
00:28:00,0.522346258163452
00:28:30,0.520364046096802
00:29:00,0.520219326019287
00:29:30,0.520986557006836
00:30:00,0.521216869354248
00:30:30,0.521836996078491
00:31:00,0.521889209747314
00:31:30,0.522419214248657
00:32:00,0.522759675979614
00:32:30,0.522418975830078
00:33:00,0.522410869598389
00:33:30,0.516335487365723
00:34:00,0.516258716583252
00:34:30,0.516414880752564
00:35:00,0.516619920730591
00:35:30,0.517359495162964
00:36:00,0.51762866973877
00:36:30,0.518088579177856
00:37:00,0.517946243286133
00:37:30,0.517989158630371
00:38:00,0.517960071563721
00:38:30,0.517804861068726
00:39:00,0.51811671257019
00:39:30,0.518479108810425
00:40:00,0.5195152759552
00:40:30,0.520090341567993
00:41:00,0.520877599716187
00:41:30,0.521065711975098
00:42:00,0.521173715591431
00:42:30,0.522693157196045
00:43:00,0.525836706161499
00:43:30,0.523680448532105
00:44:00,0.523900985717773
00:44:30,0.525542497634888
00:45:00,0.525821447372437
00:45:30,0.526358127593994
00:46:00,0.525638580322266
00:46:30,0.526169300079346
00:47:00,0.526779651641846
00:47:30,0.527398109436035
00:48:00,0.527364730834961
00:48:30,0.527814865112305
00:49:00,0.528729438781738
00:49:30,0.529551029205322
00:50:00,0.529687881469727
00:50:30,0.52977180480957
00:51:00,0.530135631561279
00:51:30,0.530648708343506
00:52:00,0.530554294586182
00:52:30,0.530686140060425
00:53:00,0.530685663223267
00:53:30,0.522952318191528
00:54:00,0.523540735244751
00:54:30,0.523283958435059
00:55:00,0.52330756187439
00:55:30,0.523107051849365
00:56:00,0.517049551010132
00:56:30,0.517735242843628
00:57:00,0.517654895782471
00:57:30,0.518649816513062
00:58:00,0.519234418869019
00:58:30,0.519282579421997
00:59:00,0.519289016723633
00:59:30,0.518976926803589
01:00:00,0.518944025039673
01:00:30,0.519005298614502
01:01:00,0.517985343933106
01:01:30,0.517992734909058
01:02:00,0.5179123878479
01:02:30,0.51877760887146
01:03:00,0.51898193359375
01:03:30,0.518815040588379
01:04:00,0.518443584442139
01:04:30,0.518467903137207
01:05:00,0.518448114395142
01:05:30,0.51844596862793
01:06:00,0.518320083618164
01:06:30,0.518332004547119
01:07:00,0.519826412200928
01:07:30,0.519691944122314
01:08:00,0.519734859466553
01:08:30,0.519586563110352
01:09:00,0.519289970397949
01:09:30,0.519207954406738
01:10:00,0.519298791885376
01:10:30,0.519191980361939
01:11:00,0.519230842590332
01:11:30,0.519686698913574
01:12:00,0.519039869308472
01:12:30,0.519052743911743
01:13:00,0.519566059112549
01:13:30,0.519467830657959
01:14:00,0.519541025161743
01:14:30,0.519472599029541
01:15:00,0.519450426101685
01:15:30,0.519768476486206
01:16:00,0.519135236740112
01:16:30,0.51904296875
01:17:00,0.519122362136841
01:17:30,0.518711805343628
01:18:00,0.518689155578613
01:18:30,0.518603801727295
01:19:00,0.518511533737183
01:19:30,0.518478393554688
01:20:00,0.518529891967773
01:20:30,0.51921558380127
01:21:00,0.519543170928955
01:21:30,0.520209789276123
01:22:00,0.520329236984253
01:22:30,0.520774602890015
01:23:00,0.520636081695557
01:23:30,0.520834684371948
01:24:00,0.521265268325806
01:24:30,0.521999359130859
01:25:00,0.523217678070068
01:25:30,0.52473521232605
01:26:00,0.525852918624878
01:26:30,0.526125192642212
01:27:00,0.527322292327881
01:27:30,0.528525114059448
01:28:00,0.530580997467041
01:28:30,0.531933069229126
01:29:00,0.53474760055542
01:29:30,0.535616159439087
01:30:00,0.535356521606445
01:30:30,0.535255193710327
01:31:00,0.533695220947266
01:31:30,0.533712863922119
01:32:00,0.533719301223755
01:32:30,0.533882856369019
01:33:00,0.534511566162109
01:33:30,0.524599313735962
01:34:00,0.525260925292969
01:34:30,0.525792121887207
01:35:00,0.525506019592285
01:35:30,0.525309324264526
01:36:00,0.517441034317017
01:36:30,0.517923831939697
01:37:00,0.518028020858765
01:37:30,0.51872444152832
01:38:00,0.519529104232788
01:38:30,0.520594358444214
01:39:00,0.5211181640625
01:39:30,0.521411418914795
01:40:00,0.521221399307251
01:40:30,0.521893262863159
01:41:00,0.522744655609131
01:41:30,0.523598670959473
01:42:00,0.52428126335144
01:42:30,0.52478289604187
01:43:00,0.526761531829834
01:43:30,0.521235942840576
01:44:00,0.523135423660278
01:44:30,0.522523641586304
01:45:00,0.523006677627564
01:45:30,0.522666692733765
01:46:00,0.51643180847168
01:46:30,0.516747236251831
01:47:00,0.516761779785156
01:47:30,0.517610788345337
01:48:00,0.518265247344971
01:48:30,0.517279386520386
01:49:00,0.517673492431641
01:49:30,0.518068552017212
01:50:00,0.518652677536011
01:50:30,0.519287347793579
01:51:00,0.519689559936523
01:51:30,0.520380020141602
01:52:00,0.521436452865601
01:52:30,0.522029638290405
01:53:00,0.522665023803711
01:53:30,0.522565364837647
01:54:00,0.522577285766602
01:54:30,0.522706031799316
01:55:00,0.522646903991699
01:55:30,0.522644758224487
01:56:00,0.516940593719482
01:56:30,0.517453670501709
01:57:00,0.517739534378052
01:57:30,0.518009901046753
01:58:00,0.517770767211914
01:58:30,0.519018888473511
01:59:00,0.521812677383423
01:59:30,0.522219181060791
02:00:00,0.522828340530396
02:00:30,0.52342414855957
02:01:00,0.523599863052368
02:01:30,0.524204015731812
02:02:00,0.525198698043823
02:02:30,0.524999141693115
02:03:00,0.525813341140747
02:03:30,0.523739099502564
02:04:00,0.523241281509399
02:04:30,0.523412704467773
02:05:00,0.523401737213135
02:05:30,0.524065494537354
02:06:00,0.517454862594605
02:06:30,0.517446756362915
02:07:00,0.517847537994385
02:07:30,0.517779111862183
02:08:00,0.518104553222656
02:08:30,0.518170833587647
02:09:00,0.518242359161377
02:09:30,0.518248081207275
02:10:00,0.518698215484619
02:10:30,0.518861055374146
02:11:00,0.518920421600342
02:11:30,0.518952369689941
02:12:00,0.517825841903687
02:12:30,0.518321037292481
02:13:00,0.51793909072876
02:13:30,0.518732309341431
02:14:00,0.521629095077515
02:14:30,0.522495269775391
02:15:00,0.523111581802368
02:15:30,0.52364182472229
02:16:00,0.523144483566284
02:16:30,0.52372670173645
02:17:00,0.52413821220398
02:17:30,0.524811029434204
02:18:00,0.525226354598999
02:18:30,0.523210763931274
02:19:00,0.524246215820313
02:19:30,0.52372407913208
02:20:00,0.525287866592407
02:20:30,0.523424863815308
02:21:00,0.523396968841553
02:21:30,0.523821115493774
02:22:00,0.523704528808594
02:22:30,0.523308038711548
02:23:00,0.523303747177124
02:23:30,0.523718357086182
02:24:00,0.52372407913208
02:24:30,0.52383279800415
02:25:00,0.523500442504883
02:25:30,0.523413896560669
02:26:00,0.5169997215271
02:26:30,0.516889810562134
02:27:00,0.516921520233154
02:27:30,0.516918897628784
02:28:00,0.51759147644043
02:28:30,0.518722772598267
02:29:00,0.518783330917358
02:29:30,0.521213054656982
02:30:00,0.520893812179565
02:30:30,0.520854234695435
02:31:00,0.519755125045776
02:31:30,0.519779205322266
02:32:00,0.519809007644653
02:32:30,0.520305395126343
02:33:00,0.520478010177612
02:33:30,0.518126010894775
02:34:00,0.51771879196167
02:34:30,0.517819166183472
02:35:00,0.517829179763794
02:35:30,0.517754554748535
02:36:00,0.517750263214111
02:36:30,0.5177161693573
02:37:00,0.518216371536255
02:37:30,0.518270015716553
02:38:00,0.518254995346069
02:38:30,0.517759323120117
02:39:00,0.51774787902832
02:39:30,0.517949104309082
02:40:00,0.51782488822937
02:40:30,0.517931461334229
02:41:00,0.517971038818359
02:41:30,0.518509387969971
02:42:00,0.518477916717529
02:42:30,0.518523454666138
02:43:00,0.518069505691528
02:43:30,0.519041061401367
02:44:00,0.51903486251831
02:44:30,0.52147626876831
02:45:00,0.521804571151733
02:45:30,0.521790504455566
02:46:00,0.520925998687744
02:46:30,0.521808385848999
02:47:00,0.521174430847168
02:47:30,0.521234035491943
02:48:00,0.521783828735352
02:48:30,0.519695043563843
02:49:00,0.520224332809448
02:49:30,0.51982045173645
02:50:00,0.519819736480713
02:50:30,0.520513772964478
02:51:00,0.521019458770752
02:51:30,0.521303176879883
02:52:00,0.52133321762085
02:52:30,0.521963119506836
02:53:00,0.522531747817993
02:53:30,0.523298263549805
02:54:00,0.522918462753296
02:54:30,0.523466348648071
02:55:00,0.523531913757324
02:55:30,0.523577690124512
02:56:00,0.517660140991211
02:56:30,0.517218112945557
02:57:00,0.517301321029663
02:57:30,0.517881155014038
02:58:00,0.517914056777954
02:58:30,0.519305467605591
02:59:00,0.519664525985718
02:59:30,0.522852182388306
03:00:00,0.52384614944458
03:00:30,0.523960113525391
03:01:00,0.523343086242676
03:01:30,0.52388858795166
03:02:00,0.524536609649658
03:02:30,0.524816036224365
03:03:00,0.525449991226196
03:03:30,0.523523807525635
03:04:00,0.523931503295898
03:04:30,0.524075031280518
03:05:00,0.524078845977783
03:05:30,0.523674249649048
03:06:00,0.517430543899536
03:06:30,0.517475366592407
03:07:00,0.518221139907837
03:07:30,0.518226385116577
03:08:00,0.518352270126343
03:08:30,0.519016027450562
03:09:00,0.5192711353302
03:09:30,0.519650220870972
03:10:00,0.519387006759644
03:10:30,0.520043134689331
03:11:00,0.520560264587402
03:11:30,0.520931005477905
03:12:00,0.520540475845337
03:12:30,0.521093606948853
03:13:00,0.522044658660889
03:13:30,0.522235631942749
03:14:00,0.523037195205689
03:14:30,0.522750377655029
03:15:00,0.525256156921387
03:15:30,0.525248050689697
03:16:00,0.51974630355835
03:16:30,0.519715070724487
03:17:00,0.519783020019531
03:17:30,0.520300626754761
03:18:00,0.520572900772095
03:18:30,0.518251180648804
03:19:00,0.518088102340698
03:19:30,0.518046617507935
03:20:00,0.51809549331665
03:20:30,0.518579721450806
03:21:00,0.518177270889282
03:21:30,0.518825531005859
03:22:00,0.518969774246216
03:22:30,0.519212245941162
03:23:00,0.519476175308228
03:23:30,0.519425392150879
03:24:00,0.519073963165283
03:24:30,0.51963472366333
03:25:00,0.519910573959351
03:25:30,0.52065920829773
03:26:00,0.521458387374878
03:26:30,0.52291202545166
03:27:00,0.524020433425903
03:27:30,0.525265455245972
03:28:00,0.526446580886841
03:28:30,0.527168989181519
03:29:00,0.529901027679443
03:29:30,0.530482053756714
03:30:00,0.533616304397583
03:30:30,0.533664703369141
03:31:00,0.532382726669312
03:31:30,0.532950639724731
03:32:00,0.532578229904175
03:32:30,0.532196998596191
03:33:00,0.532279014587402
03:33:30,0.521514892578125
03:34:00,0.521896600723267
03:34:30,0.522496223449707
03:35:00,0.522887706756592
03:35:30,0.523680448532105
03:36:00,0.516701698303223
03:36:30,0.516997337341309
03:37:00,0.516823053359985
03:37:30,0.517065048217773
03:38:00,0.517436981201172
03:38:30,0.517641544342041
03:39:00,0.518197298049927
03:39:30,0.518633604049683
03:40:00,0.519608736038208
03:40:30,0.52006983757019
03:41:00,0.520655870437622
03:41:30,0.521192312240601
03:42:00,0.521337509155273
03:42:30,0.521942138671875
03:43:00,0.522422313690185
03:43:30,0.522858381271362
03:44:00,0.522957563400269
03:44:30,0.524376153945923
03:45:00,0.527387142181397
03:45:30,0.527711391448975
03:46:00,0.520048141479492
03:46:30,0.519848108291626
03:47:00,0.519976615905762
03:47:30,0.520188570022583
03:48:00,0.520546436309814
03:48:30,0.517781257629395
03:49:00,0.518832445144653
03:49:30,0.519115447998047
03:50:00,0.519089698791504
03:50:30,0.518800497055054
03:51:00,0.518760681152344
03:51:30,0.518780708312988
03:52:00,0.518687009811401
03:52:30,0.518706321716309
03:53:00,0.518715620040894
03:53:30,0.51922607421875
03:54:00,0.519338607788086
03:54:30,0.519543647766113
03:55:00,0.519677877426147
03:55:30,0.519928455352783
03:56:00,0.520788431167603
03:56:30,0.521441459655762
03:57:00,0.52260947227478
03:57:30,0.523718118667603
03:58:00,0.525354385375977
03:58:30,0.526552438735962
03:59:00,0.52776050567627
03:59:30,0.529899597167969
04:00:00,0.530559062957764
04:00:30,0.534345626831055
04:01:00,0.532540798187256
04:01:30,0.532548904418945
04:02:00,0.532511949539185
04:02:30,0.533079385757446
04:03:00,0.533081293106079
04:03:30,0.522311449050903
04:04:00,0.521991968154907
04:04:30,0.522556066513062
04:05:00,0.523109912872314
04:05:30,0.523398637771606
04:06:00,0.516922950744629
04:06:30,0.51705265045166
04:07:00,0.518504142761231
04:07:30,0.519080877304077
04:08:00,0.518970251083374
04:08:30,0.518874168395996
04:09:00,0.519258260726929
04:09:30,0.519841909408569
04:10:00,0.520253419876099
04:10:30,0.520520925521851
04:11:00,0.521247625350952
04:11:30,0.522512674331665
04:12:00,0.52283787727356
04:12:30,0.523830413818359
04:13:00,0.524529457092285
04:13:30,0.525434017181397
04:14:00,0.526388883590698
04:14:30,0.527360200881958
04:15:00,0.527799844741821
04:15:30,0.531682729721069
04:16:00,0.525366306304932
04:16:30,0.525383472442627
04:17:00,0.525420665740967
04:17:30,0.52532958984375
04:18:00,0.525602579116821
04:18:30,0.522408723831177
04:19:00,0.522832632064819
04:19:30,0.523386240005493
04:20:00,0.52337121963501
04:20:30,0.523945569992065
04:21:00,0.523899793624878
04:21:30,0.523953437805176
04:22:00,0.523943901062012
04:22:30,0.523496150970459
04:23:00,0.523519515991211
04:23:30,0.517287254333496
04:24:00,0.517645597457886
04:24:30,0.518572807312012
04:25:00,0.519084453582764
04:25:30,0.519436597824097
04:26:00,0.519529104232788
04:26:30,0.519200801849365
04:27:00,0.519269704818726
04:27:30,0.519359111785889
04:28:00,0.51943302154541
04:28:30,0.519452571868897
04:29:00,0.519429683685303
04:29:30,0.5213463306427
04:30:00,0.521058320999146
04:30:30,0.524741888046265
04:31:00,0.523181676864624
04:31:30,0.523221015930176
04:32:00,0.523292303085327
04:32:30,0.523711204528809
04:33:00,0.524246692657471
04:33:30,0.520982265472412
04:34:00,0.521503686904907
04:34:30,0.521626472473145
04:35:00,0.521631002426147
04:35:30,0.521236181259155
04:36:00,0.516943454742432
04:36:30,0.516948938369751
04:37:00,0.516892433166504
04:37:30,0.517241716384888
04:38:00,0.517646074295044
04:38:30,0.518582105636597
04:39:00,0.519201278686523
04:39:30,0.519793033599854
04:40:00,0.519791126251221
04:40:30,0.519825458526611
04:41:00,0.519858837127685
04:41:30,0.520514965057373
04:42:00,0.520237684249878
04:42:30,0.521221876144409
04:43:00,0.521848917007446
04:43:30,0.522271394729614
04:44:00,0.522841215133667
04:44:30,0.523086071014404
04:45:00,0.525059938430786
04:45:30,0.52903151512146
04:46:00,0.527527570724487
04:46:30,0.527530193328857
04:47:00,0.527622222900391
04:47:30,0.528092622756958
04:48:00,0.528666734695435
04:48:30,0.527913093566895
04:49:00,0.528249502182007
04:49:30,0.529283761978149
04:50:00,0.529718160629272
04:50:30,0.530407905578613
04:51:00,0.530637502670288
04:51:30,0.531068563461304
04:52:00,0.531547546386719
04:52:30,0.531204700469971
04:53:00,0.531316518783569
04:53:30,0.519697189331055
04:54:00,0.51970386505127
04:54:30,0.520212888717651
04:55:00,0.520381927490234
04:55:30,0.52115535736084
04:56:00,0.521041870117188
04:56:30,0.521666765213013
04:57:00,0.521857023239136
04:57:30,0.521943092346191
04:58:00,0.521540403366089
04:58:30,0.521470308303833
04:59:00,0.521463394165039
04:59:30,0.521499872207642
05:00:00,0.523426294326782
05:00:30,0.523220539093018
05:01:00,0.525623559951782
05:01:30,0.525602340698242
05:02:00,0.525550603866577
05:02:30,0.525203943252564
05:03:00,0.525192022323608
05:03:30,0.523659467697144
05:04:00,0.524113893508911
05:04:30,0.524708032608032
05:05:00,0.525191307067871
05:05:30,0.526083469390869
05:06:00,0.526255607604981
05:06:30,0.526302337646484
05:07:00,0.526655197143555
05:07:30,0.526650667190552
05:08:00,0.526649236679077
05:08:30,0.526487112045288
05:09:00,0.526474952697754
05:09:30,0.526494264602661
05:10:00,0.527005672454834
05:10:30,0.52712345123291
05:11:00,0.52720308303833
05:11:30,0.526780128479004
05:12:00,0.526942491531372
05:12:30,0.526033639907837
05:13:00,0.525923252105713
05:13:30,0.519515752792358
05:14:00,0.519498586654663
05:14:30,0.520430326461792
05:15:00,0.520731210708618
05:15:30,0.52270770072937
05:16:00,0.525305986404419
05:16:30,0.525803804397583
05:17:00,0.52641773223877
05:17:30,0.527046918869019
05:18:00,0.527423143386841
05:18:30,0.524326086044312
05:19:00,0.52509880065918
05:19:30,0.525696277618408
05:20:00,0.526440143585205
05:20:30,0.526393413543701
05:21:00,0.52682375907898
05:21:30,0.526784420013428
05:22:00,0.526686429977417
05:22:30,0.526721715927124
05:23:00,0.526787996292114
05:23:30,0.527541160583496
05:24:00,0.527229070663452
05:24:30,0.527356863021851
05:25:00,0.527308940887451
05:25:30,0.526957511901856
05:26:00,0.519068479537964
05:26:30,0.518949270248413
05:27:00,0.519443511962891
05:27:30,0.519723176956177
05:28:00,0.520924091339111
05:28:30,0.521536111831665
05:29:00,0.522317886352539
05:29:30,0.522859573364258
05:30:00,0.523289203643799
05:30:30,0.524674654006958
05:31:00,0.524679183959961
05:31:30,0.527376174926758
05:32:00,0.527409553527832
05:32:30,0.52787971496582
05:33:00,0.527866125106812
05:33:30,0.51835298538208
05:34:00,0.518366098403931
05:34:30,0.518305063247681
05:35:00,0.518719673156738
05:35:30,0.519446134567261
05:36:00,0.519396305084229
05:36:30,0.519585609436035
05:37:00,0.520289659500122
05:37:30,0.520457029342651
05:38:00,0.520427227020264
05:38:30,0.519951105117798
05:39:00,0.51995038986206
05:39:30,0.520214319229126
05:40:00,0.520016670227051
05:40:30,0.519996643066406
05:41:00,0.520012855529785
05:41:30,0.520508766174316
05:42:00,0.520613193511963
05:42:30,0.520586490631104
05:43:00,0.520192384719849
05:43:30,0.520116090774536
05:44:00,0.520108938217163
05:44:30,0.520343780517578
05:45:00,0.51997447013855
05:45:30,0.521246433258057
05:46:00,0.521481037139893
05:46:30,0.525089740753174
05:47:00,0.525679111480713
05:47:30,0.525802135467529
05:48:00,0.526305913925171
05:48:30,0.523233413696289
05:49:00,0.523809432983398
05:49:30,0.524534225463867
05:50:00,0.525048971176147
05:50:30,0.52597713470459
05:51:00,0.525981903076172
05:51:30,0.52597451210022
05:52:00,0.525747537612915
05:52:30,0.525657892227173
05:53:00,0.525943040847778
05:53:30,0.525775909423828
05:54:00,0.525780916213989
05:54:30,0.525758266448975
05:55:00,0.526272296905518
05:55:30,0.526400089263916
05:56:00,0.519383430480957
05:56:30,0.518999576568604
05:57:00,0.519029378890991
05:57:30,0.519064664840698
05:58:00,0.519209146499634
05:58:30,0.519356250762939
05:59:00,0.519663572311401
05:59:30,0.520443677902222
06:00:00,0.520621061325073
06:00:30,0.522036552429199
06:01:00,0.521075487136841
06:01:30,0.524759769439697
06:02:00,0.525326728820801
06:02:30,0.525859355926514
06:03:00,0.526437997817993
06:03:30,0.523347139358521
06:04:00,0.524174928665161
06:04:30,0.524594306945801
06:05:00,0.5242919921875
06:05:30,0.524372100830078
06:06:00,0.519043684005737
06:06:30,0.519461631774902
06:07:00,0.519779205322266
06:07:30,0.520218372344971
06:08:00,0.520093441009522
06:08:30,0.520968437194824
06:09:00,0.521474361419678
06:09:30,0.522160053253174
06:10:00,0.522294998168945
06:10:30,0.522845506668091
06:11:00,0.523323774337769
06:11:30,0.523593425750732
06:12:00,0.522556304931641
06:12:30,0.522826671600342
06:13:00,0.523444652557373
06:13:30,0.523961067199707
06:14:00,0.52441668510437
06:14:30,0.524490118026733
06:15:00,0.524881839752197
06:15:30,0.527646780014038
06:16:00,0.526798963546753
06:16:30,0.530515670776367
06:17:00,0.53107762336731
06:17:30,0.53228235244751
06:18:00,0.532807111740112
06:18:30,0.530079126358032
06:19:00,0.529955863952637
06:19:30,0.530830860137939
06:20:00,0.531272172927856
06:20:30,0.531826257705689
06:21:00,0.532097339630127
06:21:30,0.53259801864624
06:22:00,0.533160448074341
06:22:30,0.533244609832764
06:23:00,0.533613443374634
06:23:30,0.526379108428955
06:24:00,0.526467800140381
06:24:30,0.526413440704346
06:25:00,0.526655197143555
06:25:30,0.527113676071167
06:26:00,0.518535614013672
06:26:30,0.519715070724487
06:27:00,0.519968509674072
06:27:30,0.519869804382324
06:28:00,0.519598484039307
06:28:30,0.520116329193115
06:29:00,0.520025253295898
06:29:30,0.520538806915283
06:30:00,0.520590543746948
06:30:30,0.520239114761353
06:31:00,0.521953105926514
06:31:30,0.521993160247803
06:32:00,0.525458097457886
06:32:30,0.525022506713867
06:33:00,0.525025367736816
06:33:30,0.521442413330078
06:34:00,0.521224975585938
06:34:30,0.521222591400147
06:35:00,0.521243333816528
06:35:30,0.521857738494873
06:36:00,0.520679712295532
06:36:30,0.520642995834351
06:37:00,0.520254135131836
06:37:30,0.520269155502319
06:38:00,0.520228862762451
06:38:30,0.520158290863037
06:39:00,0.520129442214966
06:39:30,0.520227670669556
06:40:00,0.520750284194946
06:40:30,0.520777463912964
06:41:00,0.520809412002564
06:41:30,0.520605087280273
06:42:00,0.5209801197052
06:42:30,0.521401166915894
06:43:00,0.521813869476318
06:43:30,0.522285938262939
06:44:00,0.52280330657959
06:44:30,0.523896932601929
06:45:00,0.524492502212524
06:45:30,0.525175333023071
06:46:00,0.525296926498413
06:46:30,0.526407957077026
06:47:00,0.52993631362915
06:47:30,0.53020977973938
06:48:00,0.529840230941772
06:48:30,0.526262760162354
06:49:00,0.526977300643921
06:49:30,0.527770519256592
06:50:00,0.528219223022461
06:50:30,0.52833890914917
06:51:00,0.527413368225098
06:51:30,0.527664661407471
06:52:00,0.52818751335144
06:52:30,0.528378486633301
06:53:00,0.529383659362793
06:53:30,0.530041217803955
06:54:00,0.530520439147949
06:54:30,0.530577659606934
06:55:00,0.530151844024658
06:55:30,0.530408620834351
06:56:00,0.51979923248291
06:56:30,0.520016193389893
06:57:00,0.520056009292603
06:57:30,0.520058631896973
06:58:00,0.520619630813599
06:58:30,0.520626068115234
06:59:00,0.521100997924805
06:59:30,0.520944356918335
07:00:00,0.520943880081177
07:01:00,0.520857810974121
07:01:30,0.522164583206177
07:02:00,0.526034355163574
07:02:30,0.526911020278931
07:03:00,0.527366638183594
07:03:30,0.525722742080689
07:04:00,0.526092052459717
07:04:30,0.526571035385132
07:05:00,0.527045011520386
07:05:30,0.527468681335449
07:06:00,0.522789001464844
07:06:30,0.523265600204468
07:07:30,0.525095701217651
07:08:00,0.525153636932373
07:09:00,0.524964809417725
07:09:30,0.52560019493103
07:10:00,0.52616024017334
07:10:30,0.526720285415649
07:11:00,0.527260065078735
07:11:30,0.528744459152222
07:12:00,0.527970552444458
07:12:30,0.527935743331909
07:13:30,0.521174192428589
07:14:00,0.521172285079956
07:14:30,0.521075487136841
07:15:00,0.521045684814453
07:15:30,0.521479845046997
07:16:00,0.522275686264038
07:16:30,0.523901700973511
07:17:00,0.528037071228027
07:18:30,0.525478363037109
07:19:00,0.525923013687134
07:19:30,0.526634454727173
07:20:00,0.527119874954224
07:20:30,0.528318643569946
07:21:00,0.528127193450928
07:21:30,0.528767585754395
07:22:30,0.528918266296387
07:23:00,0.528863191604614
07:23:30,0.528735876083374
07:24:00,0.528745889663696
07:24:30,0.528833866119385
07:25:00,0.529275894165039
07:25:30,0.529460906982422
07:26:00,0.520787239074707
07:26:30,0.520368337631226
07:27:00,0.520470380783081
07:27:30,0.520438194274902
07:28:00,0.52034068107605
07:28:30,0.520190477371216
07:29:00,0.520372867584229
07:29:30,0.521605968475342
07:30:00,0.521375417709351
07:30:30,0.521488189697266
07:31:00,0.521238327026367
07:32:00,0.525585651397705
07:32:30,0.525863647460938
07:33:00,0.525468111038208
07:33:30,0.522922515869141
07:34:30,0.522432327270508
07:35:00,0.522397518157959
07:35:30,0.522074937820435
07:36:00,0.521304368972778
07:36:30,0.521584510803223
07:37:00,0.521177768707275
07:37:30,0.521252870559692
07:38:00,0.521174669265747
07:39:00,0.521595001220703
07:39:30,0.52173376083374
07:40:00,0.521266460418701
07:41:00,0.521298408508301
07:41:30,0.521224737167358
07:42:00,0.521240472793579
07:42:30,0.521323204040527
07:43:00,0.522460460662842
07:43:30,0.522392749786377
07:44:00,0.522032022476196
07:44:30,0.521989583969116
07:45:00,0.5216383934021
07:45:30,0.521731615066528
07:46:00,0.521626710891724
07:46:30,0.521636724472046
07:47:30,0.526459217071533
07:48:00,0.526537656784058
07:48:30,0.522905349731445
07:49:00,0.522504568099976
07:49:30,0.52261757850647
07:50:00,0.522584676742554
07:51:00,0.521749496459961
07:51:30,0.521758794784546
07:52:00,0.522226810455322
07:52:30,0.522257566452026
07:53:00,0.522840023040772
07:53:30,0.521835803985596
07:54:00,0.521812677383423
07:54:30,0.521820068359375
07:55:00,0.521705865859985
07:55:30,0.521864891052246
07:56:00,0.521793127059937
07:57:00,0.522370576858521
07:57:30,0.522306680679321
07:58:00,0.521871328353882
07:58:30,0.521750688552856
07:59:00,0.521791934967041
07:59:30,0.521865129470825
08:00:00,0.521985769271851
08:00:30,0.521866798400879
08:01:00,0.522425413131714
08:01:30,0.522443056106567
08:02:00,0.523236751556397
08:02:30,0.526219844818115
08:03:00,0.526208639144897
08:03:30,0.52267599105835
08:04:00,0.522581815719605
08:04:30,0.52257251739502
08:05:00,0.522594928741455
08:05:30,0.52324628829956
08:06:00,0.522417068481445
08:06:30,0.522503614425659
08:07:00,0.522849559783935
08:07:30,0.522851467132568
08:08:00,0.523050785064697
08:08:30,0.523042678833008
08:09:00,0.523528575897217
08:09:30,0.524140357971191
08:10:00,0.525161027908325
08:10:30,0.525556087493897
08:11:00,0.526108264923096
08:11:30,0.526176929473877
08:12:00,0.525864601135254
08:12:30,0.526293754577637
08:13:00,0.526224136352539
08:13:30,0.520413875579834
08:14:00,0.52005934715271
08:14:30,0.520669937133789
08:15:00,0.52098822593689
08:15:30,0.521436452865601
08:16:00,0.52149510383606
08:16:30,0.522208452224731
08:17:00,0.523552417755127
08:17:30,0.527120351791382
08:18:00,0.52714991569519
08:18:30,0.524035692214966
08:19:00,0.524113416671753
08:19:30,0.524263620376587
08:20:00,0.5243079662323
08:20:30,0.523998022079468
08:21:00,0.523247480392456
08:21:30,0.523152828216553
08:22:00,0.523099660873413
08:22:30,0.523295402526856
08:23:00,0.523331165313721
08:23:30,0.524080276489258
08:24:00,0.52406907081604
08:24:30,0.523775100708008
08:25:00,0.523316621780396
08:25:30,0.523454904556274
08:26:00,0.523396492004395
08:26:30,0.523302793502808
08:27:00,0.523338794708252
08:27:30,0.523375272750855
08:28:00,0.523902893066406
08:28:30,0.524214029312134
08:29:00,0.524369716644287
08:29:30,0.524910926818848
08:30:00,0.525387287139893
08:30:30,0.525836229324341
08:31:00,0.526743888854981
08:31:30,0.527618408203125
08:32:00,0.528929233551025
08:32:30,0.530985832214356
08:33:00,0.531948566436768
08:33:30,0.52556324005127
08:34:00,0.525895357131958
08:34:30,0.526216983795166
08:35:00,0.525994777679443
08:35:30,0.526108980178833
08:36:00,0.518715381622314
08:36:30,0.519446134567261
08:37:00,0.520519018173218
08:37:30,0.521334171295166
08:38:00,0.521672964096069
08:38:30,0.521470308303833
08:39:00,0.521871566772461
08:39:30,0.522709608078003
08:40:00,0.523154258728027
08:40:30,0.523611545562744
08:41:00,0.524018049240112
08:41:30,0.525000810623169
08:42:00,0.525684833526611
08:42:30,0.525877237319946
08:43:00,0.525420188903809
08:43:30,0.519813299179077
08:44:00,0.519676446914673
08:44:30,0.520058393478394
08:45:00,0.519782304763794
08:45:30,0.519904851913452
08:46:00,0.520714044570923
08:46:30,0.521118402481079
08:47:00,0.522461175918579
08:47:30,0.522886991500855
08:48:00,0.526657342910767
08:48:30,0.523630380630493
08:49:00,0.524139881134033
08:49:30,0.524758338928223
08:50:00,0.52537202835083
08:50:30,0.526439428329468
08:51:00,0.526192426681519
08:51:30,0.526840925216675
08:52:00,0.527085304260254
08:52:30,0.527544736862183
08:53:00,0.528024673461914
08:53:30,0.528163194656372
08:54:00,0.528765916824341
08:54:30,0.528879165649414
08:55:00,0.52933931350708
08:55:30,0.529780864715576
08:56:00,0.521116495132446
08:56:30,0.521022319793701
08:57:00,0.521334171295166
08:57:30,0.521645069122314
08:58:00,0.521768808364868
08:58:30,0.521693706512451
08:59:00,0.52165675163269
08:59:30,0.522615432739258
09:00:00,0.523525714874268
09:00:30,0.523802042007446
09:01:00,0.523849725723267
09:01:30,0.52429723739624
09:02:00,0.524861097335815
09:02:30,0.526196956634522
09:03:00,0.526126623153687
09:03:30,0.526209115982056
09:04:00,0.526990413665772
09:04:30,0.527473449707031
09:05:00,0.527940273284912
09:05:30,0.528074264526367
09:06:00,0.522097587585449
09:06:30,0.523047924041748
09:07:00,0.524208545684814
09:07:30,0.524901390075684
09:08:00,0.52561092376709
09:08:30,0.526310682296753
09:09:00,0.526701927185059
09:09:30,0.527238130569458
09:10:00,0.526781320571899
09:10:30,0.526757478713989
09:11:00,0.527118444442749
09:11:30,0.526658058166504
09:12:00,0.525882482528687
09:12:30,0.525932550430298
09:13:00,0.52646541595459
09:13:30,0.520209789276123
09:14:00,0.520195007324219
09:14:30,0.519781351089478
09:15:00,0.519905567169189
09:15:30,0.520323514938355
09:16:00,0.521006107330322
09:16:30,0.5218825340271
09:17:00,0.523058891296387
09:17:30,0.52478551864624
09:18:00,0.525108575820923
09:18:30,0.525290727615356
09:19:00,0.525471687316895
09:19:30,0.526206731796265
09:20:00,0.527021884918213
09:20:30,0.527595996856689
09:21:00,0.527486801147461
09:21:30,0.527988910675049
09:22:00,0.52908182144165
09:22:30,0.529804468154907
09:23:00,0.529932260513306
09:23:30,0.529417276382446
09:24:00,0.529395818710327
09:24:30,0.52939772605896
09:25:00,0.529142141342163
09:25:30,0.529192447662354
09:26:00,0.520870447158814
09:26:30,0.521359920501709
09:27:00,0.521730661392212
09:27:30,0.522376298904419
09:28:00,0.521778345108032
09:28:30,0.521719932556152
09:29:00,0.521799087524414
09:29:30,0.52234411239624
09:30:00,0.522364377975464
09:30:30,0.52205228805542
09:31:00,0.522490978240967
09:31:30,0.522575855255127
09:32:00,0.522643566131592
09:32:30,0.522235631942749
09:33:00,0.523542881011963
09:33:30,0.523660182952881
09:34:00,0.523992300033569
09:34:30,0.524628162384033
09:35:00,0.525194644927979
09:35:30,0.52631402015686
09:36:00,0.526054620742798
09:36:30,0.526543140411377
09:37:00,0.526704788208008
09:37:30,0.527335166931152
09:38:00,0.527523756027222
09:38:30,0.527324914932251
09:39:00,0.527334451675415
09:39:30,0.527414560317993
09:40:00,0.527948617935181
09:40:30,0.528034448623657
09:41:00,0.528347730636597
09:41:30,0.527987718582153
09:42:00,0.528445243835449
09:42:30,0.528984069824219
09:43:00,0.529476165771484
09:43:30,0.529400825500488
09:44:00,0.529406785964966
09:44:30,0.530257701873779
09:45:00,0.530513763427734
09:45:30,0.531617403030396
09:46:00,0.52263593673706
09:46:30,0.523508787155151
09:47:00,0.523826122283935
09:47:30,0.523994922637939
09:48:00,0.525364875793457
09:48:30,0.528671503067017
09:49:00,0.530149221420288
09:49:30,0.529839038848877
09:50:00,0.529852390289307
09:50:30,0.52942967414856
09:51:00,0.528627872467041
09:51:30,0.528564691543579
09:52:00,0.528574466705322
09:52:30,0.5287184715271
09:53:00,0.528958320617676
09:53:30,0.51978874206543
09:54:00,0.519854545593262
09:54:30,0.519921064376831
09:55:00,0.519558429718018
09:55:30,0.519741296768189
09:56:00,0.519970893859863
09:56:30,0.52040433883667
09:57:00,0.520887851715088
09:57:30,0.521332025527954
09:58:00,0.521931409835815
09:58:30,0.52190351486206
09:59:00,0.522260427474976
09:59:30,0.521617650985718
10:00:00,0.521620988845825
10:00:30,0.521618366241455
10:01:00,0.521464586257935
10:01:30,0.52146315574646
10:02:00,0.521850347518921
10:02:30,0.521988868713379
10:03:00,0.523289680480957
10:03:30,0.522801637649536
10:04:00,0.525901794433594
10:04:30,0.525933504104614
10:05:00,0.525871753692627
10:05:30,0.525791883468628
10:06:00,0.524876594543457
10:06:30,0.524794578552246
10:07:00,0.526164293289185
10:07:30,0.526223421096802
10:08:00,0.526249885559082
10:08:30,0.522296667098999
10:09:00,0.522295236587524
10:09:30,0.52275538444519
10:10:00,0.522751092910767
10:10:30,0.52332329750061
10:11:00,0.523847341537476
10:11:30,0.524792194366455
10:12:00,0.525190353393555
10:12:30,0.525238513946533
10:13:00,0.525291681289673
10:13:30,0.526196718215942
10:14:00,0.526613712310791
10:14:30,0.527273178100586
10:15:00,0.527474164962769
10:15:30,0.528244495391846
10:16:00,0.529230833053589
10:16:30,0.529827356338501
10:17:00,0.530384063720703
10:17:30,0.530502557754517
10:18:00,0.531719923019409
10:18:30,0.53170371055603
10:19:00,0.53170108795166
10:19:30,0.535079956054688
10:20:00,0.535079717636108
10:20:30,0.535609006881714
10:21:00,0.535223245620728
10:21:30,0.535654783248901
10:22:00,0.535868167877197
10:22:30,0.535877466201782
10:23:00,0.536441802978516
10:23:30,0.52706241607666
10:24:00,0.527553558349609
10:24:30,0.527808666229248
10:25:00,0.528433322906494
10:25:30,0.528656244277954
10:26:00,0.520431041717529
10:26:30,0.520189523696899
10:27:00,0.520598888397217
10:27:30,0.521465063095093
10:28:00,0.521779537200928
10:28:30,0.521837711334229
10:29:00,0.521962404251099
10:29:30,0.523027181625366
10:30:00,0.523071527481079
10:30:30,0.522793054580689
10:31:00,0.522397994995117
10:31:30,0.522772312164307
10:32:00,0.522425174713135
10:32:30,0.522306680679321
10:33:00,0.522323608398438
10:33:30,0.523005723953247
10:34:00,0.523875713348389
10:34:30,0.526897430419922
10:35:00,0.526958227157593
10:35:30,0.526609182357788
10:36:00,0.525712728500366
10:36:30,0.525626182556152
10:37:00,0.5257408618927
10:37:30,0.525769472122192
10:38:00,0.525760889053345
10:38:30,0.522865295410156
10:39:00,0.522865772247314
10:39:30,0.522958278656006
10:40:00,0.522528409957886
10:40:30,0.522542953491211
10:41:00,0.522519111633301
10:41:30,0.522504568099976
10:42:00,0.52249550819397
10:42:30,0.522495746612549
10:43:00,0.523024082183838
10:43:30,0.523080587387085
10:44:00,0.522997856140137
10:44:30,0.522528409957886
10:45:00,0.522899627685547
10:45:30,0.522692203521729
10:46:00,0.522571563720703
10:46:30,0.522622346878052
10:47:00,0.522626876831055
10:47:30,0.523115873336792
10:48:00,0.523159980773926
10:48:30,0.523899555206299
10:49:00,0.523425817489624
10:49:30,0.526944637298584
10:50:00,0.526930093765259
10:50:30,0.526930570602417
10:51:00,0.526131391525269
10:51:30,0.526023149490356
10:52:00,0.526640892028809
10:52:30,0.526717185974121
10:53:00,0.526732206344605
10:53:30,0.522857904434204
10:54:00,0.52286434173584
10:54:30,0.522858381271362
10:55:00,0.522894859313965
10:55:30,0.523720264434814
10:56:00,0.523620843887329
10:56:30,0.524675130844116
10:57:00,0.52526593208313
10:57:30,0.525740146636963
10:58:00,0.525766611099243
10:58:30,0.52611780166626
10:59:00,0.526965141296387
10:59:30,0.527031898498535
11:00:00,0.527350902557373
11:00:30,0.527387619018555
11:01:00,0.527912616729736
11:01:30,0.5278639793396
11:02:00,0.527851343154907
11:02:30,0.527404308319092
11:03:00,0.527461290359497
11:03:30,0.522177934646606
11:04:00,0.522681951522827
11:04:30,0.523393392562866
11:05:00,0.527761459350586
11:05:30,0.528552532196045
11:06:00,0.52826714515686
11:06:30,0.52880072593689
11:07:00,0.529672861099243
11:07:30,0.530250072479248
11:08:00,0.530838966369629
11:08:30,0.528776168823242
11:09:00,0.528739929199219
11:09:30,0.529193162918091
11:10:00,0.530050277709961
11:10:30,0.529677629470825
11:11:00,0.529682636260986
11:11:30,0.529342889785767
11:12:00,0.528564214706421
11:12:30,0.528634309768677
11:13:00,0.528579711914063
11:13:30,0.528680801391602
11:14:00,0.528578281402588
11:14:30,0.529118776321411
11:15:00,0.529065847396851
11:15:30,0.529168128967285
11:16:00,0.521244764328003
11:16:30,0.521586179733276
11:17:00,0.521239280700684
11:17:30,0.521156549453735
11:18:00,0.521214962005615
11:18:30,0.522326707839966
11:19:00,0.522560358047485
11:19:30,0.522662162780762
11:20:00,0.525975465774536
11:20:30,0.525929927825928
11:21:00,0.524742364883423
11:21:30,0.524766445159912
11:22:00,0.525162696838379
11:22:30,0.52507495880127
11:23:00,0.524796009063721
11:23:30,0.522478818893433
11:24:00,0.522199630737305
11:24:30,0.522165536880493
11:25:00,0.521709680557251
11:25:30,0.521847724914551
11:26:00,0.521798849105835
11:26:30,0.521788835525513
11:27:00,0.521826267242432
11:27:30,0.521821260452271
11:28:00,0.522305965423584
11:28:30,0.522143602371216
11:29:00,0.522171497344971
11:29:30,0.522193908691406
11:30:00,0.521868944168091
11:30:30,0.521854400634766
11:31:00,0.521776437759399
11:31:30,0.521793603897095
11:32:00,0.521811723709106
11:32:30,0.522366762161255
11:33:00,0.52236008644104
11:33:30,0.522336959838867
11:34:00,0.522817373275757
11:34:30,0.52321720123291
11:35:00,0.526401042938232
11:35:30,0.525487661361694
11:36:00,0.524658203125
11:36:30,0.524653434753418
11:37:00,0.525741577148438
11:37:30,0.525792360305786
11:38:00,0.526525497436523
11:38:30,0.525497674942017
11:39:00,0.525917053222656
11:39:30,0.526529788970947
11:40:00,0.527350425720215
11:40:30,0.527014017105103
11:41:00,0.527044057846069
11:41:30,0.527530908584595
11:42:00,0.526931285858154
11:42:30,0.526939868927002
11:43:00,0.526493072509766
11:43:30,0.520147085189819
11:44:00,0.520243644714356
11:44:30,0.520564079284668
11:45:00,0.520921230316162
11:45:30,0.521241426467896
11:46:00,0.521783590316772
11:46:30,0.521898984909058
11:47:00,0.522081851959229
11:47:30,0.521939754486084
11:48:00,0.522195100784302
11:48:30,0.522086381912231
11:49:00,0.522848844528198
11:49:30,0.522963047027588
11:50:00,0.52645468711853
11:50:30,0.526941061019897
11:51:00,0.526133060455322
11:51:30,0.526206970214844
11:52:00,0.526843547821045
11:52:30,0.526384592056274
11:53:00,0.526713609695435
11:53:30,0.525519847869873
11:54:00,0.52607274055481
11:54:30,0.526571989059448
11:55:00,0.527450561523438
11:55:30,0.527677059173584
11:56:00,0.527656078338623
11:56:30,0.527216196060181
11:57:00,0.526669979095459
11:57:30,0.526706457138062
11:58:00,0.526512622833252
11:58:30,0.526413917541504
11:59:00,0.526396751403809
11:59:30,0.527183294296265
